gram,counts
covid 19 pandemic,222857
coronavirus covid 19,183073
href rel nofollow,131249
covid 19 cases,129913
true href rel,128585
rel nofollow twitter,112079
covid 19 crisis,101738
coronavirus death toll,88374
due covid 19,87122
bbc news coronavirus,85588
covid 19 outbreak,79489
covid 19 patients,74753
nofollow twitter web,73056
covid 19 coronavirus,72244
coronavirus live updates,66484
covid 19 via,63858
new york times,63466
fight covid 19,63257
positive covid 19,62975
twitter web app,62513
sign petition via,61332
amid coronavirus outbreak,61118
amid covid 19,57590
world health organization,56787
tested positive coronavirus,55372
new coronavirus cases,53191
tests positive coronavirus,51508
coronavirus 2019 ncov,48389
covid 19 virus,48238
coronavirus task force,47230
casos covid 19,46125
covid 19 deaths,45597
covid 19 lockdown,45585
spread covid 19,44385
covid 19 di,42300
cases covid 19,42129
amid coronavirus pandemic,40610
covid 19 response,39861
primer caso coronavirus,38794
gt virus coronavirus,38713
coronavirus sars flu,38163
virus coronavirus sars,38155
virus covid 19,37348
see details gt,36963
details gt virus,36944
penyebaran covid 19,36072
covid 19 testing,35640
deliver copy officials,35454
copy officials last,35452
officials last delivered,35452
response covid 19,34578
du covid 19,34353
pandemi covid 19,34307
new covid 19,34217
gt gt gt,33891
death toll rises,33784
new cases coronavirus,33543
covid 19 death,32430
stay at home,32260
sars flu china,32090
nofollow twitter android,31977
test positive coronavirus,31628
pandemia covid 19,31381
new york city,31204
covid 19 test,31011
terdampak covid 19,30893
covid 19 update,30270
covid 19 relief,29878
coronavirus via youtube,29731
due coronavirus outbreak,29500
flu china trump,27676
health care workers,26511
public health emergency,25968
memerangi covid 19,25721
pasien covid 19,25639
covid 19 vaccine,24957
nuevos casos coronavirus,24865
2019 novel coronavirus,24552
petition via change,24447
per il coronavirus,23923
confirmed coronavirus cases,23904
da covid 19,23893
yang terdampak covid,23618
impact covid 19,23229
confirmed cases coronavirus,22606
first case coronavirus,22363
covid 19 vía,22280
petition via ukchange,22205
tested positive covid,22108
amid coronavirus crisis,21689
bakti sosial untuk,21671
novel coronavirus 2019,21483
covid 19 situation,21380
died covid 19,21269
usps deliver copy,21136
support usps deliver,21113
signing support usps,21112
masyarakat yang terdampak,21049
últimas 24 horas,20996
covid 19 yang,20253
crisis covid 19,19914
stay home stay,19876
coronavirus disease 2019,19836
global health emergency,19795
mobile world congress,19672
amid coronavirus fears,19639
president donald trump,19174
china coronavirus outbreak,18847
confirmed covid 19,18778
coronavirus outbreak china,18684
covid 19 case,18253
jenazah pasien covid,18044
first coronavirus death,17850
covid 19 tests,17787
first coronavirus case,17758
stop spread coronavirus,17615
untuk ringankan beban,17607
covid 19 patient,17595
sosial untuk ringankan,17593
rantai covid 19,17421
ringankan beban masyarakat,17347
covid 19 amp,17328
coronavirus outbreak via,17099
gelar bakti sosial,17096
beban masyarakat yang,17082
covid 19 spread,17025
cause du coronavirus,16964
wabah covid 19,16919
covid 19 dan,16753
get covid 19,16730
positif covid 19,16603
casos confirmados coronavirus,16556
home stay safe,16542
covid 19 positive,16539
due coronavirus pandemic,16515
2019 covid 19,16499
covid 19 ini,16438
polri gelar bakti,16158
covid 19 polmascegahcovid19,15885
number coronavirus cases,15824
covid 19 related,15794
covid 19 symptoms,15783
coronavirus pandemic via,15738
cari amici siamo,15595
diamond princess cruise,15505
voi covid19 westandwithitaly,15465
amici siamo voi,15444
siamo voi covid19,15434
fighting covid 19,15417
covid_19 prior jorge,15260
cdtv covid_19 prior,15260
white house coronavirus,15117
covid 19 baksospolripeduli,15101
cruise ship japan,14910
face au coronavirus,14897
prior jorge babu,14896
jorge babu manu,14894
epoch times app,14802
dies covid 19,14694
covid cdtv covid_19,14670
coronavirus new york,14652
penanganan covid 19,14618
at home order,14600
last 24 hours,14562
babu manu foraprior,14464
crise du coronavirus,14442
tests positive covid,14353
manu foraprior david,14311
disease 2019 covid,14302
com covid 19,14007
article amp reuters,13988
tested positive covid19,13976
princess cruise ship,13974
posible caso coronavirus,13843
help fight coronavirus,13744
suho bizbizeyeteriz covid,13714
david mike lindell,13711
covid 19 sign,13571
please stay home,13514
disease covid 19,13507
coronavirus cases rise,13506
positivo covid 19,13495
time covid 19,13457
number covid 19,13305
au covid 19,13301
organización mundial salud,13291
death toll coronavirus,13259
trying times share,13199
family cari amici,13190
foraprior david mike,13137
mike lindell made,13127
trump suho bizbizeyeteriz,13124
colleagues friends family,13123
support italian friends,13078
times share support,13077
italy trying times,13075
contre covid 19,13074
share support italian,13074
stand italy trying,13071
friends colleagues friends,13071
italian friends colleagues,13070
friends family cari,13060
covid 19 infection,12931
affected covid 19,12931
bbc news mundo,12927
prevent spread coronavirus,12903
case covid 19,12888
covid 19 dengan,12821
lindell made pillow,12813
deaths covid 19,12715
die covid 19,12714
covid 19 treatment,12708
19 sign petition,12692
covid 19 covid19,12553
coronavirus cruise ship,12540
treat covid 19,12525
first covid 19,12509
novel coronavirus outbreak,12504
help slow spread,12502
test covid 19,12484
pacientes covid 19,12413
slow spread covid19,12351
us covid 19,12303
china amid coronavirus,12281
covid 19 em,12190
people covid 19,12132
quarantined cruise ship,12112
combat covid 19,12027
number confirmed cases,11910
test positive covid,11906
personal protective equipment,11897
corona covid 19,11786
world health organisation,11785
che il coronavirus,11767
cegah covid 19,11742
infected covid 19,11729
cure covid 19,11542
confirmed cases covid19,11437
covid 19 could,11416
trump coronavirus response,11411
update covid 19,11406
post covid 19,11353
get well soon,11328
jenazah covid 19,11276
covid 19 emergency,11187
coronavirus hong kong,11180
sa covid 19,11170
mencegah penyebaran covid,11132
covid self_portrait covid19,11124
contro il coronavirus,11092
covid 19 impact,11089
wni dari wuhan,10998
covid 19 mari,10996
coronavirus disease covid,10884
pour lutter contre,10860
coronavirus cases confirmed,10818
muertes covid 19,10791
confirmed case coronavirus,10788
stay home order,10762
human to human,10700
chinese communist party,10694
act deliver copy,10651
at home orders,10642
death toll hits,10639
person to person,10632
aarogya setu app,10623
bizbizeyeteriz covid self_portrait,10618
fight covid19 please,10613
must act deliver,10602
signing must act,10600
twitter web client,10594
news mundo coronavirus,10589
โคว ด19 covid19,10558
นธ ใหม 2019,10550
covid 19 baksostnipolriutknegeri,10533
ce est pas,10527
covid 19 may,10520
letslovesuho trump suho,10393
19 death toll,10387
tested covid 19,10289
covid 19 fight,10263
case coronavirus confirmed,10263
19 via youtube,10247
muertos coronavirus china,10174
new cases covid,10144
coronavirus relief bill,10128
new york state,10099
like covid 19,10048
pillow letslovesuho trump,10019
dr anthony fauci,9993
know covid 19,9966
cases novel coronavirus,9966
go back work,9946
china hubei province,9903
firma petición vía,9887
postponed due coronavirus,9856
gon na get,9816
mata rantai covid,9798
made pillow letslovesuho,9787
even feel well,9705
coronavirus case confirmed,9696
caso sospechoso coronavirus,9682
self reporting symptoms,9680
symptoms daily even,9662
risk cases sooner,9660
daily even feel,9648
reporting symptoms daily,9643
positivos covid 19,9641
identify risk cases,9633
sooner self reporting,9626
il coronavirus non,9624
cases sooner self,9623
battle covid 19,9619
confirmados covid 19,9610
covid19 coronavirus ukraine,9608
spread covid19 identify,9599
covid19 please download,9598
covid19 identify risk,9595
confirma primer caso,9585
app fight covid19,9555
covid 19 corona,9551
total confirmed cases,9538
treatment covid 19,9530
van het coronavirus,9522
feel well download,9483
download epoch times,9472
death toll passes,9454
covid 19 new,9450
adalah bentuk partisipasi,9433
muertos covid 19,9432
well download app,9429
help stop spread,9420
exclusive coronavirus coverage,9416
please download share,9413
covid19 โคว ด19,9411
download share using,9375
share using link,9360
ne sont pas,9346
coronavirus coverage daily,9321
year old man,9319
people stay home,9317
confirmed cases covid,9314
caso covid 19,9308
see exclusive coronavirus,9302
app see exclusive,9301
times app see,9298
coverage daily updates,9284
setu app fight,9251
coronavirus test kits,9245
regarding covid 19,9239
covid 19 updates,9235
covid 19 quarantine,9219
south china morning,9208
covid 19 país,9192
coronavirus sars cov,9186
help covid 19,9185
affected novel coronavirus,9170
frente covid 19,9159
people tested positive,9140
recommend aarogya setu,9129
china morning post,9114
covid 19 méxico,9109
casos positivos coronavirus,9108
novel coronavirus covid,9030
coronavirus wuhan china,9002
coronavirus crisis via,8997
trump coronavirus task,8970
live updates china,8946
china due coronavirus,8936
new confirmed cases,8929
related covid 19,8927
chief medical officer,8923
casos confirmados covid,8923
cases outside china,8820
casi di coronavirus,8806
many cases china,8802
practice social distancing,8801
new coronavirus deaths,8764
long term care,8764
countries affected novel,8759
new cases covid19,8734
response coronavirus pandemic,8734
current covid 19,8719
due coronavirus concerns,8700
coronavirus covid19 coronavirusoutbreak,8670
coronavirus south korea,8628
contagios covid 19,8616
prime minister boris,8607
minister boris johnson,8579
survive see details,8550
new post coronavirus,8547
nyt new york,8545
covid 19 world,8542
via nyt new,8521
cases coronavirus confirmed,8516
need know coronavirus,8514
deputy health minister,8487
covid 19 jiwakemanusiaanpolri,8461
covid 19 restrictions,8423
untuk mencegah penyebaran,8408
using link android,8401
pandemic covid 19,8399
coronavirus coronavirus coronavirus,8398
trump covid 19,8387
casos sospechosos coronavirus,8365
people died coronavirus,8337
testing positive coronavirus,8328
lawan covid 19,8327
covid 19 news,8310
covid 19 infections,8300
nuevos casos covid,8295
coronavirus boris johnson,8275
home covid 19,8275
health care system,8268
signez pétition via,8267
si mata coronavirus,8264
covid 19 epidemic,8256
coronavirus sign petition,8250
cancelled due coronavirus,8241
covid 19 china,8218
stay safe everyone,8197
19 di indonesia,8162
death outside china,8143
death toll china,8138
recovered covid 19,8126
ai tempi coronavirus,8107
000 covid 19,8098
cruise ship coronavirus,8078
da positivo coronavirus,8061
stay safe stay,8054
menangkal covid 19,8045
real time updates,8041
via namo app,8026
на covid 19,8016
covid 19 et,7992
mit dem coronavirus,7987
let us know,7948
patients covid 19,7947
health officials say,7944
amid coronavirus lockdown,7906
dying covid 19,7905
everything need know,7881
amid coronavirus concerns,7871
handling covid 19,7868
covid 19 would,7863
coronavirus gon na,7856
covid 19 data,7851
combatir covid 19,7850
ce qu il,7810
abc news via,7806
dalam menangkal covid,7802
korban covid 19,7781
confirms first case,7779
ministério da saúde,7775
get back work,7757
latest covid 19,7752
coronavirus declared global,7747
memutus mata rantai,7742
covid 19 na,7722
cruise ship passengers,7709
south korea reports,7709
partisipasi dalam menangkal,7690
bentuk partisipasi dalam,7682
coronavirus death rate,7662
risk covid 19,7649
breaking foxnews alert,7640
covid 19 global,7612
total number cases,7599
centers disease control,7594
updates covid 19,7577
covid 19 numbers,7576
masyarakat adalah bentuk,7570
coronavirus united states,7561
china death toll,7545
god help us,7542
wuhan coronavirus outbreak,7518
president trump coronavirus,7509
china covid 19,7501
contagio covid 19,7500
coronavirus cases china,7494
past 24 hours,7486
support covid 19,7485
johns hopkins university,7459
impacted covid 19,7458
kedisiplinan masyarakat adalah,7454
bringing total number,7405
oms declara emergencia,7392
new cases confirmed,7381
death toll tops,7369
dalam memerangi covid,7356
stop covid 19,7354
amidst covid 19,7348
primera muerte coronavirus,7319
casos positivos covid,7304
think covid 19,7267
called covid 19,7264
propagación covid 19,7251
สโคโรนาสายพ นธ ใหม,7227
to human transmission,7220
coronavirus outbreak could,7212
pruebas covid 19,7211
covid 19 covid,7210
symptoms covid 19,7205
coronavirus public health,7198
coronavirus outbreak latest,7189
45 million people,7185
next coronavirus package,7179
first confirmed case,7178
death toll jumps,7174
confirms first coronavirus,7153
case novel coronavirus,7153
news via youtube,7149
world covid 19,7148
treating covid 19,7131
coronavirus many cases,7121
number cases worldwide,7100
ng covid 19,7098
lucha covid 19,7096
death toll reaches,7075
coronavirus cases surge,7049
debt stimulate economy,7045
student debt stimulate,7040
updates number cases,7036
disease control prevention,7028
novel coronavirus many,7008
news covid 19,6994
task force hold,6991
untuk memerangi covid,6990
declared global health,6979
iran deputy health,6974
pétition via changefrance,6959
people infected coronavirus,6955
time updates number,6954
coronavirus package studentdebtstimulus,6941
new covid19 cases,6933
china real time,6925
reports first coronavirus,6924
wni di wuhan,6911
up to date,6908
propagation du coronavirus,6906
cases china real,6904
ไวร สโคโรนาสายพ นธ,6897
global coronavirus pandemic,6892
covid 19 não,6886
coronavirus cases outside,6882
video via gatewaypundit,6873
covid 19 chinese,6871
world news guardian,6871
china trump tiktok,6864
sangat diperlukan untuk,6862
economic impact coronavirus,6850
covid 19 please,6838
news via abc,6835
house coronavirus task,6831
amp covid 19,6821
covid 19 est,6821
rt world news,6807
ao covid 19,6805
il covid 19,6802
cancelstudentdebt next coronavirus,6794
coronavirus covid_19 covid19,6785
package studentdebtstimulus help,6783
19 dan itu,6778
studentdebtstimulus help 45,6777
people student debt,6775
covid 19 health,6775
help 45 million,6772
diperlukan untuk memerangi,6770
dan itu harus,6769
kedisiplinan sangat diperlukan,6769
million people student,6768
itu harus tertanam,6765
stimulate economy needed,6764
harus tertanam kuat,6764
kuat dalam diri,6761
urge cancelstudentdebt next,6761
dan kedisiplinan sangat,6760
tertanam kuat dalam,6760
dalam diri setiap,6755
diri setiap insan,6744
setiap insan bumi,6744
says covid 19,6739
since covid 19,6731
insan bumi pertiwi,6730
corona coronavirus covid19,6722
slow spread coronavirus,6720
posibles casos coronavirus,6718
evitar propagación coronavirus,6709
response coronavirus outbreak,6699
coronavirus via mailonline,6698
covid 19 like,6672
janta curfew pledge,6668
coronavirus covid19 covid_19,6654
shelter in place,6652
global covid 19,6651
covid 19 salah,6649
coronavirus corona كورونا,6646
19 covid 19,6641
covid 19 one,6636
global death toll,6631
confirman primer caso,6630
าสายพ นธ ใหม,6619
สโคโรน าสายพ นธ,6600
coronavirus stimulus package,6594
paid sick leave,6582
ไวร สโคโรน าสายพ,6570
persatuan dan kedisiplinan,6566
19 salah satunya,6565
coronavirus social distancing,6552
stay home coronavirus,6545
covid 19 us,6545
bumi pertiwi polmascegahcovid19,6530
spread novel coronavirus,6528
china coronavirus death,6520
worldwide coronavirus covid19,6513
doctor tried warn,6503
south korea coronavirus,6496
public health officials,6471
please help us,6471
two cases coronavirus,6468
gon na die,6460
covid 19 hospital,6448
2020 covid 19,6445
untuk memutus mata,6424
wuhan institute virology,6422
public health crisis,6412
coronavirus relief package,6407
job retention scheme,6403
coronavirus cases top,6402
salah satu cara,6399
cases covid19 reported,6392
causa covid 19,6378
outbreak covid 19,6377
new coronavirus outbreak,6375
coronavirus covid19 covidー19,6365
declares state emergency,6361
covid 19 mundo,6352
spread new coronavirus,6348
covid 19 dprriapresiasipolri,6335
fight coronavirus pandemic,6327
new york post,6326
new cases reported,6319
social distancing measures,6318
funding world health,6293
lutte contre coronavirus,6292
the covid 19,6291
adalah salah satu,6282
contracting covid 19,6276
fallecidos covid 19,6252
president united states,6246
outbreak latest updates,6237
caso di coronavirus,6232
coronavirus cases reported,6232
coronavirus continues spread,6210
covid 19 disease,6206
coronavirus covid19 sarscov2,6204
new york coronavirus,6200
covid 19 hoax,6197
information covid 19,6195
testing covid 19,6192
emergencia covid 19,6190
staff covid 19,6190
new deaths total,6181
coronavirus stimulus bill,6181
please stay safe,6165
lunar new year,6162
corée du sud,6112
covid 19 bukan,6111
spreading covid 19,6093
qu il faut,6089
wall street journal,6082
coronavirus covid19 pandemic,6080
ecosearch news web,6071
death toll climbs,6061
dan kebijakan pemerintah,6059
prevent covid 19,6058
covid 19 really,6052
melawan covid 19,6043
coronavirus press conference,6038
última hora coronavirus,6034
death toll surpasses,6011
covid 19 concerns,5991
dan seluruh elemen,5988
sars flu deathtoll,5972
using covid 19,5972
flu deathtoll china,5966
dr li wenliang,5954
flu like symptoms,5948
tiempos covid 19,5935
pemerintah adalah salah,5927
himbauan pemerintah adalah,5926
membantu memerangi covid,5926
year old woman,5920
turut andil dalam,5916
covid 19 victims,5914
dalam membantu memerangi,5909
cara masyarakat turut,5902
satu cara masyarakat,5901
masa pandemi covid,5901
andil dalam membantu,5900
masyarakat turut andil,5896
covid 19 ikutiaturancegahcorona,5894
canceled due coronavirus,5887
death covid 19,5877
mari kita dukung,5868
positive coronavirus via,5859
coronavirus vía youtube,5855
di tengah pandemi,5855
trump says coronavirus,5845
recovered coronavirus patients,5843
rel nofollow tweetdeck,5841
covid 19 information,5840
covid 19 real,5809
stay home save,5809
seluruh elemen bangsa,5801
dio positivo coronavirus,5794
confirmed covid19 cases,5791
19 yang terlantar,5790
penyebaran virus covid,5786
live president trump,5779
acute respiratory syndrome,5734
covid19 covid_19 coronavirus,5720
petición vía change_es,5717
wuhan china coronavirus,5703
vacuna covid 19,5702
re gon na,5700
coronavirus stimulus checks,5699
despite covid 19,5694
coronavirus outbreak guardian,5687
one world together,5665
take covid 19,5662
china trump vindman,5658
contagiados covid 19,5648
stop spread covid19,5647
virus corona covid,5646
penularan covid 19,5642
of covid 19,5633
coronavirus man made,5631
contingencia covid 19,5623
du coronavirus via,5614
world together home,5611
work covid 19,5604
mematuhi himbauan pemerintah,5602
treat coronavirus patients,5594
yang telah ditetapkan,5593
covid 19 going,5587
berupaya untuk memutus,5584
coronavirus death outside,5573
000 confirmed cases,5572
coronavirus could infect,5571
new cases new,5571
covid19 covid 19,5562
coronavirus vía el_pais,5556
jptu jabatanpenerangan covid19,5553
covid 19 still,5553
uss theodore roosevelt,5551
china wuhan coronavirus,5546
end covid 19,5541
us death toll,5533
covid 19 semuapedulicovid19,5532
covid 19 confirmed,5527
china coronavirus cases,5522
severe acute respiratory,5519
covid 19 free,5515
19 mari kita,5514
posted new blog,5513
terlantar hingga jam,5510
rate covid 19,5504
crucero diamond princess,5500
covid 19 brasil,5499
donald trump coronavirus,5498
kebijakan yang telah,5496
chinese doctor tried,5494
new story npr,5490
spreading fake news,5486
14 day quarantine,5480
bekerja keras dan,5478
two weeks ago,5477
caused covid 19,5467
tengah bekerja keras,5466
dan berupaya untuk,5464
elemen bangsa tengah,5462
bangsa tengah bekerja,5462
keras dan berupaya,5462
universal basic income,5461
due coronavirus via,5456
covid 19 japan,5446
melakukan penyemprotan disinfektan,5446
mortes covid 19,5442
preventing spread covid19,5434
due coronavirus fears,5430
declares coronavirus outbreak,5426
frontline nhs staff,5418
towards cashless society,5410
memutuskan rantai covid,5405
ve posted new,5405
vaccine covid 19,5405
santa clara county,5395
19 chinese virus,5384
us political news,5383
latest us political,5382
political news download,5382
news download epoch,5378
combate covid 19,5372
kita dukung segala,5371
second wave coronavirus,5370
coronavirus global health,5369
aturan untuk mencegah,5363
caso coronavirus españa,5362
amor tiempos coronavirus,5360
dukung segala usahanya,5358
mengikuti kebijakan yang,5351
tetap mengikuti kebijakan,5350
dengan mengikuti aturan,5349
dengan tetap mengikuti,5340
covid 19 stay,5338
mengikuti aturan untuk,5337
bekerjasama dengan mengikuti,5332
coronavirus fears via,5332
tests negative coronavirus,5331
cases new coronavirus,5329
keep us safe,5328
usahanya dengan tetap,5326
segala usahanya dengan,5326
covid 19 get,5325
combate ao coronavírus,5317
mari bekerjasama dengan,5307
fake news coronavirus,5306
health organization declares,5304
even covid 19,5300
coronavirus infected americans,5297
workers covid 19,5297
19 mari bekerjasama,5290
19 pandemic via,5289
free covid 19,5287
trump white house,5283
stop spread covid,5275
coronavirus response via,5270
pemerintah dan seluruh,5268
covid 19 spreading,5258
demi memutuskan rantai,5255
covid 19 stimulus,5245
che fare il,5238
south korea italy,5237
kebijakan pemerintah polmascegahcovid19,5230
closed due coronavirus,5227
peraturan dan kebijakan,5225
salah satunya yaitu,5216
000 coronavirus deaths,5215
daily mail online,5212
coronavirus job retention,5208
effects covid 19,5207
total number confirmed,5186
top story coronavirus,5185
petition via changepilipinas,5184
mentaati peraturan dan,5180
use covid 19,5176
si cojo coronavirus,5174
dengan mentaati peraturan,5170
ne hanno parlato,5168
inquietante sotto ed,5144
sotto ed che,5144
ed che fare,5144
fare il dw,5144
hanno parlato qui,5144
più inquietante sotto,5144
coronavirus forse verità,5144
il dw ne,5144
forse verità più,5144
verità più inquietante,5144
dw ne hanno,5144
covid 19 india,5143
pencegahan covid 19,5141
aktif dalam memerangi,5134
19 bukan hanya,5132
crisis coronavirus vía,5130
wake covid 19,5124
getting covid 19,5119
new world order,5119
masyarakat aktif dalam,5108
sangat berharap masyarakat,5107
berharap masyarakat aktif,5107
polri sangat berharap,5101
satunya yaitu dengan,5094
000 people died,5092
news sky news,5087
us coronavirus cases,5086
coronavirus puede matar,5082
impact coronavirus outbreak,5082
test test test,5081
du coronavirus et,5076
home save lives,5072
penyebaran virus corona,5070
jabatanpenerangan covid19 dudukrumah,5069
confirmed coronavirus case,5067
diagnosed covid 19,5061
pour faire face,5057
help fight covid,5057
ditengah pandemi covid,5039
yaitu dengan mentaati,5037
nofollow twitter iphone,5033
โคว ด19เราต องรอด,5032
covid 19 spreads,5025
coronalockdown coronavirus covid19,5025
coronavirus stay at,5023
covid19 coronavirus pandemic,5016
state emergency coronavirus,5012
tanggung jawab pemerintah,5001
care covid 19,5001
número muertos coronavirus,4999
via uolnoticias uol,4998
petition via cdnchange,4994
coronavirus cases deaths,4993
wuhancoronavirusmore ecosearch news,4983
negative covid 19,4979
cojo coronavirus seguro,4976
du coronavirus est,4972
bukan hanya tanggung,4971
lutter contre coronavirus,4971
hanya tanggung jawab,4971
000 coronavirus cases,4968
covid 19 people,4962
stay safe coronavirus,4958
covid 19 briefing,4955
tanggung jawab bersama,4947
say covid 19,4946
people around world,4946
tetapi tanggung jawab,4945
akan tetapi tanggung,4944
jawab pemerintah akan,4943
pemerintah akan tetapi,4943
coronavirus outbreak global,4940
prevent spread covid,4938
first coronavirus cases,4938
primeros casos coronavirus,4932
hong kong coronavirus,4929
national health commission,4928
coronavirus coronavirusoutbreak wuhan,4927
na covid 19,4907
covid 19 ayoikutiaturan,4907
help prevent spread,4904
coronavirus spreading china,4903
stay fuck home,4900
support janta curfew,4898
covid 19 research,4897
japan cruise ship,4897
cases bringing total,4895
propagación global coronavirus,4885
covid 19 venezuela,4879
come forward amp,4875
stay home orders,4873
deadly coronavirus outbreak,4870
go back normal,4867
covid 19 help,4865
telah ditetapkan ikutiaturancegahcorona,4862
front line workers,4855
got covid 19,4855
coronavirus live news,4843
tweet quoted article,4840
covid 19 com,4838
coronavirus ee uu,4835
rastrear propagación global,4833
live updates coronavirus,4828
19 relief fund,4827
tni polri sangat,4824
social distancing guidelines,4813
plena crisis coronavirus,4808
declara emergencia internacional,4807
number confirmed coronavirus,4806
qu il est,4805
ficar em casa,4802
uk prime minister,4800
safe covid 19,4798
via youtube coronavirus,4794
cegah penyebaran covid,4793
global coronavirus wuhan,4789
penanggulangan covid 19,4780
coronavirus via breitbartnews,4779
untuk membantu masyarakat,4769
2019 ncov coronavirus,4766
coronavirus outside china,4761
evitar contagio coronavirus,4759
coronavirus wuhan tiempo,4757
masyarakat kurang mampu,4754
members coronavirus task,4752
emergencia internacional coronavirus,4752
19 test kits,4750
wuhan tiempo real,4748
pm narendramodi call,4747
people people people,4747
coronavirus cases spike,4742
task force briefing,4737
first time since,4737
lt lt lt,4732
people fight covid19,4727
proviene coronavirus wuhan,4726
death toll nears,4719
covid 19 even,4713
forward amp respond,4710
citizen come forward,4709
